TITLE,DATE,LINK
An Introduction to GraphQL - Mutations,2019-12-02,https://www.rithmschool.com/blog/an-introduction-to-graphql-mutations
Student Interview: Jennifer + Luke on Company Projects,2019-11-07,https://www.rithmschool.com/blog/student-interview-jennifer-luke
React Hooks! - An Introduction,2019-10-22,https://www.rithmschool.com/blog/react-hooks-intro
An Introduction to GraphQL - Queries,2019-10-15,https://www.rithmschool.com/blog/an-introduction-to-graphql-queries
Alumni Spotlight: Sandy Cao,2019-10-10,https://www.rithmschool.com/blog/alumni-spotlight-sandy
Student Interview: Pair Programming And Company Projects,2019-09-03,https://www.rithmschool.com/blog/student-interview-pair-programming-and-company-projects
Getting Acquainted With A Production Code Base,2019-06-18,https://www.rithmschool.com/blog/getting-up-to-speed-on-a-production-code-base
"Staff Spotlight - Zach DeRossette, Career Coach",2019-05-22,https://www.rithmschool.com/blog/staff-spotlight-zach-derossette
Student Interview: Lena Ryoo on Company Projects,2019-05-15,https://www.rithmschool.com/blog/student-interview-lena-ryoo
Debugging Like a Scientist,2019-04-29,https://www.rithmschool.com/blog/debugging-like-a-scientist
The Benefits of Code Reviews,2019-03-29,https://www.rithmschool.com/blog/benefits-of-code-reviews
Three More JavaScript Mistakes That Beginners Make,2019-03-07,https://www.rithmschool.com/blog/three-more-js-mistakes-that-beginners-make
Alumni Spotlight: Miranda Howitt,2019-02-12,https://www.rithmschool.com/blog/alumni-spotlight-miranda
Alumni Spotlight: Kristen Lingwood,2019-02-06,https://www.rithmschool.com/blog/alumni-spotlight-kristen
Alumni Spotlight: Tyler Ketron,2019-01-30,https://www.rithmschool.com/blog/alumni-spotlight-tyler
Avoiding Burnout,2019-01-09,https://www.rithmschool.com/blog/avoiding-burnout
Student Interview: Sarah + Zac on Company Projects,2018-12-18,https://www.rithmschool.com/blog/student-interview-sarah-zac
A New Tuition Option: We Make Money Only When You Do,2018-12-11,https://www.rithmschool.com/blog/new-tuition-option
MongoDB is Easy,2018-12-06,https://www.rithmschool.com/blog/mongodb-is-easy
Meet The Instructor: Alissa Renz,2018-11-14,https://www.rithmschool.com/blog/meet-the-instructor-alissa-renz
Error Handling in Express,2018-11-05,https://www.rithmschool.com/blog/error-handling-express
Four Tips for Moving Faster as a Developer,2018-10-16,https://www.rithmschool.com/blog/developer-productivity
Five Tips to Manage the Emotional Side of a Coding Program,2018-10-08,https://www.rithmschool.com/blog/five-tips-emotional-management
Does Emotional Intelligence Get You Paid More in Tech?,2018-10-03,https://www.rithmschool.com/blog/emotional-intelligence
Post-Outcomes Blog: Top 3 Insights for Job-Seekers,2018-09-27,https://www.rithmschool.com/blog/insights-job-seekers
"Staff Spotlight - Megan Lane, Operations & Events Associate",2018-09-11,https://www.rithmschool.com/blog/staff-spotlight-megan-lane
Different Approaches to Using Relational Databases with Express,2018-08-28,https://www.rithmschool.com/blog/different-approaches-express
The Job Funnel,2018-08-20,https://www.rithmschool.com/blog/the-job-funnel
Alumni Spotlight: Daniel Szabo,2018-08-08,https://www.rithmschool.com/blog/alumni-spotlight-daniel
Rithm School Interview FAQs,2018-08-01,https://www.rithmschool.com/blog/rithm-interview-faqs
BPPE Approval and Outcomes Numbers,2018-07-25,https://www.rithmschool.com/blog/bppe-approval-and-outcomes-numbers
What’s New in Python 3.7: Data Classes,2018-07-11,https://www.rithmschool.com/blog/whats-new-in-python-3-7
Five Tips for Getting Yourself Unstuck,2018-06-22,https://www.rithmschool.com/blog/five-tips-for-getting-yourself-unstuck
A Roadmap for Learning How To Code - Part 3,2018-06-13,https://www.rithmschool.com/blog/roadmap-for-learning-how-to-code-03
Student Interview: Paula + Miranda on Company Projects,2018-06-05,https://www.rithmschool.com/blog/student-interview-paula-miranda
Five Essential Rules when Job Searching,2018-05-31,https://www.rithmschool.com/blog/five-essential-rules-when-job-searching
Outcomes: A Preview,2018-05-22,https://www.rithmschool.com/blog/outcomes-a-preview
The Benefit of Low-Abstraction Frameworks for Scaffolding Learning,2018-05-16,https://www.rithmschool.com/blog/low-abstraction-frameworks
Are Coding Schools Worth the Cost?,2018-04-25,https://www.rithmschool.com/blog/are-coding-schools-worth-the-cost
A Roadmap for Learning How To Code - Part 2,2018-04-10,https://www.rithmschool.com/blog/roadmap-for-learning-how-to-code-02
Meet The Instructor: Joel Burton,2018-03-27,https://www.rithmschool.com/blog/meet-the-instructor-joel-burton
Alumni Spotlight: Anna-Brit Schlaepfer,2018-03-19,https://www.rithmschool.com/blog/alumni-spotlight-anna-brit
The Art of Outreach,2018-02-28,https://www.rithmschool.com/blog/the-art-of-outreach
Intro to VS Code,2018-02-20,https://www.rithmschool.com/blog/vscode
Debugging Like a Developer,2018-02-06,https://www.rithmschool.com/blog/debugging-like-a-developer
Student Interview: Allie + Stephen on Company Projects,2018-01-31,https://www.rithmschool.com/blog/student-interview-allie-stephen
A Roadmap for Learning How To Code - Part 1,2018-01-24,https://www.rithmschool.com/blog/roadmap-for-learning-how-to-code-01
Computer Science Degree vs. Coding Bootcamp Tradeoffs,2018-01-10,https://www.rithmschool.com/blog/computer-science-vs-coding-bootcamp
New Year's Resolutions: Developer Edition,2018-01-02,https://www.rithmschool.com/blog/new-years-resolutions
Student Spotlight: Sean Mangosing,2017-12-20,https://www.rithmschool.com/blog/student-spotlight-sean-mangosing
"New Year, New Outcomes",2017-12-11,https://www.rithmschool.com/blog/new-year-new-outcomes
Five Tips for Landing a Job as a Bootcamp Grad,2017-12-05,https://www.rithmschool.com/blog/five-tips-for-landing-a-job
"Our Newest Scholarship, Diversity, and How Rithm Supports Your Coding Education",2017-11-28,https://www.rithmschool.com/blog/our-newest-scholarship
Why Pay For School?,2017-11-21,https://www.rithmschool.com/blog/why-pay-for-school
"This Holiday Season, Give Back to Tech for Good",2017-11-07,https://www.rithmschool.com/blog/this-holiday-season-give-back-to-tech-for-good
Meet The Instructor: Michael Hueter,2017-10-24,https://www.rithmschool.com/blog/meet-the-instructor-michael-hueter
Student Spotlight: Adele Landers,2017-10-17,https://www.rithmschool.com/blog/student-spotlight-adele-landers
Do Web Developers Need to be Good at Math?,2017-10-10,https://www.rithmschool.com/blog/do-web-developers-need-to-be-good-at-math
Top 4 JavaScript Mistakes That Beginners Make,2017-09-27,https://www.rithmschool.com/blog/top-four-js-mistakes-that-beginners-make
Interview With An Alumni: Katie Krieger,2017-09-19,https://www.rithmschool.com/blog/interview-with-an-alumni-katie-krieger
What Makes a Successful Student?,2017-09-05,https://www.rithmschool.com/blog/what-makes-a-successful-student
5 Topics To Master Before Learning React,2017-08-29,https://www.rithmschool.com/blog/5-topics-to-master-before-learning-react
Soft Skills That Actually Matter In Tech,2017-08-22,https://www.rithmschool.com/blog/soft-skills-that-actually-matter-in-tech
What I Wish Someone Had Told Me Before I Learned To Code,2017-08-15,https://www.rithmschool.com/blog/what-i-wish-someone-had-told-me-before-i-learned-to-code
Rithm School Scholarship Winner Interview: Michelle Huynh,2017-08-08,https://www.rithmschool.com/blog/diversity-scholarship-winner-interview-michelle-huynh
A Bootcamp Bubble?,2017-08-01,https://www.rithmschool.com/blog/a-bootcamp-bubble
Student Interview: Julia Hazer on Company Projects,2017-07-18,https://www.rithmschool.com/blog/student-interview-julia-hazer
Five Tips to Get Into Rithm,2017-07-11,https://www.rithmschool.com/blog/five-tips-to-get-into-rithm
Problem Solving Strategies: Look Back and Refactor,2017-06-27,https://www.rithmschool.com/blog/problem-solving-strategies-06
Student Interview: Shriya Nevatia,2017-06-19,https://www.rithmschool.com/blog/student-interview-shriya-nevatia
"Scholarships, Diversity and How Rithm Supports Your Coding Education",2017-05-23,https://www.rithmschool.com/blog/scholarships-diversity-education
Demystifying Deep Learning,2017-05-11,https://www.rithmschool.com/blog/demystifying-deep-learning
"Staff Spotlight: Angelina Davis, Admissions Manager",2017-05-02,https://www.rithmschool.com/blog/staff-spotlight-angelina-davis
Student Interview: Torre Taylor on Company Projects,2017-04-18,https://www.rithmschool.com/blog/student-interview-torre-taylor
Becoming a Self-Reliant Developer,2017-04-06,https://www.rithmschool.com/blog/becoming-a-self-reliant-developer
You Should Be Going To Tech Conferences,2017-03-30,https://www.rithmschool.com/blog/you-should-be-going-to-tech-conferences
Student Interview: Andrew Mundy,2017-03-23,https://www.rithmschool.com/blog/student-interview-andrew-mundy
She’s Been Persisting: 6 Women in Tech Organizations You Should Know About,2017-03-16,https://www.rithmschool.com/blog/shes-been-persisting
Bootcamp Curious? Perspective from a Recovering Academic,2017-03-09,https://www.rithmschool.com/blog/bootcamp-curious-perspective-from-a-recovering-academic
Problem Solving Strategies: Use Tools Strategically,2017-02-02,https://www.rithmschool.com/blog/problem-solving-strategies-05
Problem Solving Strategies: Solve a Simpler Problem,2017-01-19,https://www.rithmschool.com/blog/problem-solving-strategies-04
Your Roadmap to Learning JavaScript,2017-01-05,https://www.rithmschool.com/blog/your-roadmap-to-learning-javascript
What A Small Class Size Meant to Me,2016-12-19,https://www.rithmschool.com/blog/what-a-small-class-size-meant-to-me
Student Interview: Greg,2016-12-19,https://www.rithmschool.com/blog/student-interview-greg
How to Prepare for the Rithm Technical Interview,2016-12-08,https://www.rithmschool.com/blog/how-to-prepare-for-the-rithm-technical-interview
Problem Solving Strategies: Break It Down,2016-12-05,https://www.rithmschool.com/blog/problem-solving-strategies-03
Problem Solving Strategies: Explore Concrete Examples,2016-11-28,https://www.rithmschool.com/blog/problem-solving-strategies-02
Problem Solving Strategies: Understand the Problem,2016-11-21,https://www.rithmschool.com/blog/problem-solving-strategies-01
Why Do You Want To Code?,2016-11-15,https://www.rithmschool.com/blog/why-do-you-want-to-code
Essential Tools for Web Development,2016-10-21,https://www.rithmschool.com/blog/essential-tools-for-web-development
Five Reasons to Learn JavaScript,2016-09-29,https://www.rithmschool.com/blog/five-reasons-to-learn-javascript
Free Course Prep,2016-09-20,https://www.rithmschool.com/blog/free-course-prep
Building Better Job Support,2016-09-14,https://www.rithmschool.com/blog/building-better-job-support
Why Another Bootcamp?,2016-09-06,https://www.rithmschool.com/blog/why-another-bootcamp
